Main Activity Code;Unit;ETS information;Country Code;Year;Country;Value
20-99;tonne of CO2 equ.;2. Verified emissions;DE;2005;Germany;474000000
20-99;tonne of CO2 equ.;2. Verified emissions;DE;2006;Germany;467000000
20-99;tonne of CO2 equ.;2. Verified emissions;DE;2007;Germany;459000000
20-99;tonne of CO2 equ.;2. Verified emissions;DE;2008;Germany;452000000
20-99;tonne of CO2 equ.;2. Verified emissions;DE;2009;Germany;423000000
20-99;tonne of CO2 equ.;2. Verified emissions;DE;2010;Germany;438000000
20-99;tonne of CO2 equ.;2. Verified emissions;DE;2011;Germany;430000000
20-99;tonne of CO2 equ.;2. Verified emissions;DE;2012;Germany;416000000
20-99;tonne of CO2 equ.;2. Verified emissions;DE;2013;Germany;408000000
20-99;tonne of CO2 equ.;2. Verified emissions;DE;2014;Germany;394000000
20-99;tonne of CO2 equ.;2. Verified emissions;DE;2015;Germany;386000000
20-99;tonne of CO2 equ.;2. Verified emissions;DE;2016;Germany;379000000
20-99;tonne of CO2 equ.;2. Verified emissions;DE;2017;Germany;372000000
20-99;tonne of CO2 equ.;2. Verified emissions;DE;2018;Germany;363000000
20-99;tonne of CO2 equ.;2. Verified emissions;DE;2019;Germany;350000000
20-99;tonne of CO2 equ.;2. Verified emissions;DE;2020;Germany;298000000
20-99;tonne of CO2 equ.;2. Verified emissions;DE;2021;Germany;340000000
20-99;tonne of CO2 equ.;2. Verified emissions;DE;2022;Germany;350000000
20-99;tonne of CO2 equ.;2. Verified emissions;PL;2005;Poland;184000000
20-99;tonne of CO2 equ.;2. Verified emissions;PL;2006;Poland;183000000
20-99;tonne of CO2 equ.;2. Verified emissions;PL;2007;Poland;181000000
20-99;tonne of CO2 equ.;2. Verified emissions;PL;2008;Poland;180000000
20-99;tonne of CO2 equ.;2. Verified emissions;PL;2009;Poland;172000000
20-99;tonne of CO2 equ.;2. Verified emissions;PL;2010;Poland;178000000
20-99;tonne of CO2 equ.;2. Verified emissions;PL;2011;Poland;176000000
20-99;tonne of CO2 equ.;2. Verified emissions;PL;2012;Poland;175000000
20-99;tonne of CO2 equ.;2. Verified emissions;PL;2013;Poland;174000000
20-99;tonne of CO2 equ.;2. Verified emissions;PL;2014;Poland;172000000
20-99;tonne of CO2 equ.;2. Verified emissions;PL;2015;Poland;171000000
20-99;tonne of CO2 equ.;2. Verified emissions;PL;2016;Poland;170000000
20-99;tonne of CO2 equ.;2. Verified emissions;PL;2017;Poland;168000000
20-99;tonne of CO2 equ.;2. Verified emissions;PL;2018;Poland;167000000
20-99;tonne of CO2 equ.;2. Verified emissions;PL;2019;Poland;166000000
20-99;tonne of CO2 equ.;2. Verified emissions;PL;2020;Poland;155000000
20-99;tonne of CO2 equ.;2. Verified emissions;PL;2021;Poland;163000000
20-99;tonne of CO2 equ.;2. Verified emissions;PL;2022;Poland;162000000
20-99;tonne of CO2 equ.;2. Verified emissions;UK;2005;United Kingdom;165000000
20-99;tonne of CO2 equ.;2. Verified emissions;UK;2006;United Kingdom;159000000
20-99;tonne of CO2 equ.;2. Verified emissions;UK;2007;United Kingdom;154000000
20-99;tonne of CO2 equ.;2. Verified emissions;UK;2008;United Kingdom;148000000
20-99;tonne of CO2 equ.;2. Verified emissions;UK;2009;United Kingdom;137000000
20-99;tonne of CO2 equ.;2. Verified emissions;UK;2010;United Kingdom;143000000
20-99;tonne of CO2 equ.;2. Verified emissions;UK;2011;United Kingdom;131000000
20-99;tonne of CO2 equ.;2. Verified emissions;UK;2012;United Kingdom;125000000
20-99;tonne of CO2 equ.;2. Verified emissions;UK;2013;United Kingdom;120000000
20-99;tonne of CO2 equ.;2. Verified emissions;UK;2014;United Kingdom;114000000
20-99;tonne of CO2 equ.;2. Verified emissions;UK;2015;United Kingdom;108000000
20-99;tonne of CO2 equ.;2. Verified emissions;UK;2016;United Kingdom;103000000
20-99;tonne of CO2 equ.;2. Verified emissions;UK;2017;United Kingdom;97000000
20-99;tonne of CO2 equ.;2. Verified emissions;UK;2018;United Kingdom;91000000
20-99;tonne of CO2 equ.;2. Verified emissions;UK;2019;United Kingdom;86000000
20-99;tonne of CO2 equ.;2. Verified emissions;UK;2020;United Kingdom;78000000
20-99;tonne of CO2 equ.;2. Verified emissions;IT;2005;Italy;152000000
20-99;tonne of CO2 equ.;2. Verified emissions;IT;2006;Italy;150000000
20-99;tonne of CO2 equ.;2. Verified emissions;IT;2007;Italy;148000000
20-99;tonne of CO2 equ.;2. Verified emissions;IT;2008;Italy;146000000
20-99;tonne of CO2 equ.;2. Verified emissions;IT;2009;Italy;132000000
20-99;tonne of CO2 equ.;2. Verified emissions;IT;2010;Italy;142000000
20-99;tonne of CO2 equ.;2. Verified emissions;IT;2011;Italy;140000000
20-99;tonne of CO2 equ.;2. Verified emissions;IT;2012;Italy;135000000
20-99;tonne of CO2 equ.;2. Verified emissions;IT;2013;Italy;136000000
20-99;tonne of CO2 equ.;2. Verified emissions;IT;2014;Italy;135000000
20-99;tonne of CO2 equ.;2. Verified emissions;IT;2015;Italy;133000000
20-99;tonne of CO2 equ.;2. Verified emissions;IT;2016;Italy;131000000
20-99;tonne of CO2 equ.;2. Verified emissions;IT;2017;Italy;129000000
20-99;tonne of CO2 equ.;2. Verified emissions;IT;2018;Italy;127000000
20-99;tonne of CO2 equ.;2. Verified emissions;IT;2019;Italy;125000000
20-99;tonne of CO2 equ.;2. Verified emissions;IT;2020;Italy;101000000
20-99;tonne of CO2 equ.;2. Verified emissions;IT;2021;Italy;116000000
20-99;tonne of CO2 equ.;2. Verified emissions;IT;2022;Italy;119000000
20-99;tonne of CO2 equ.;2. Verified emissions;ES;2005;Spain;134000000
20-99;tonne of CO2 equ.;2. Verified emissions;ES;2006;Spain;131000000
20-99;tonne of CO2 equ.;2. Verified emissions;ES;2007;Spain;128000000
20-99;tonne of CO2 equ.;2. Verified emissions;ES;2008;Spain;118000000
20-99;tonne of CO2 equ.;2. Verified emissions;ES;2009;Spain;100000000
20-99;tonne of CO2 equ.;2. Verified emissions;ES;2010;Spain;107000000
20-99;tonne of CO2 equ.;2. Verified emissions;ES;2011;Spain;101000000
20-99;tonne of CO2 equ.;2. Verified emissions;ES;2012;Spain;93000000
20-99;tonne of CO2 equ.;2. Verified emissions;ES;2013;Spain;112000000
20-99;tonne of CO2 equ.;2. Verified emissions;ES;2014;Spain;100000000
20-99;tonne of CO2 equ.;2. Verified emissions;ES;2015;Spain;100000000
20-99;tonne of CO2 equ.;2. Verified emissions;ES;2016;Spain;98000000
20-99;tonne of CO2 equ.;2. Verified emissions;ES;2017;Spain;96000000
20-99;tonne of CO2 equ.;2. Verified emissions;ES;2018;Spain;92000000
20-99;tonne of CO2 equ.;2. Verified emissions;ES;2019;Spain;90000000
20-99;tonne of CO2 equ.;2. Verified emissions;ES;2020;Spain;73000000
20-99;tonne of CO2 equ.;2. Verified emissions;ES;2021;Spain;84000000
20-99;tonne of CO2 equ.;2. Verified emissions;ES;2022;Spain;87000000
20-99;tonne of CO2 equ.;2. Verified emissions;FR;2005;France;110000000
20-99;tonne of CO2 equ.;2. Verified emissions;FR;2006;France;108000000
20-99;tonne of CO2 equ.;2. Verified emissions;FR;2007;France;106000000
20-99;tonne of CO2 equ.;2. Verified emissions;FR;2008;France;104000000
20-99;tonne of CO2 equ.;2. Verified emissions;FR;2009;France;96000000
20-99;tonne of CO2 equ.;2. Verified emissions;FR;2010;France;101000000
20-99;tonne of CO2 equ.;2. Verified emissions;FR;2011;France;99000000
20-99;tonne of CO2 equ.;2. Verified emissions;FR;2012;France;97000000
20-99;tonne of CO2 equ.;2. Verified emissions;FR;2013;France;95000000
20-99;tonne of CO2 equ.;2. Verified emissions;FR;2014;France;93000000
20-99;tonne of CO2 equ.;2. Verified emissions;FR;2015;France;91000000
20-99;tonne of CO2 equ.;2. Verified emissions;FR;2016;France;89000000
20-99;tonne of CO2 equ.;2. Verified emissions;FR;2017;France;87000000
20-99;tonne of CO2 equ.;2. Verified emissions;FR;2018;France;86000000
20-99;tonne of CO2 equ.;2. Verified emissions;FR;2019;France;84000000
20-99;tonne of CO2 equ.;2. Verified emissions;FR;2020;France;68000000
20-99;tonne of CO2 equ.;2. Verified emissions;FR;2021;France;80000000
20-99;tonne of CO2 equ.;2. Verified emissions;FR;2022;France;78000000
20-99;tonne of CO2 equ.;2. Verified emissions;NL;2005;Netherlands;79000000
20-99;tonne of CO2 equ.;2. Verified emissions;NL;2006;Netherlands;77000000
20-99;tonne of CO2 equ.;2. Verified emissions;NL;2007;Netherlands;76000000
20-99;tonne of CO2 equ.;2. Verified emissions;NL;2008;Netherlands;74000000
20-99;tonne of CO2 equ.;2. Verified emissions;NL;2009;Netherlands;67000000
20-99;tonne of CO2 equ.;2. Verified emissions;NL;2010;Netherlands;71000000
20-99;tonne of CO2 equ.;2. Verified emissions;NL;2011;Netherlands;70000000
20-99;tonne of CO2 equ.;2. Verified emissions;NL;2012;Netherlands;68000000
20-99;tonne of CO2 equ.;2. Verified emissions;NL;2013;Netherlands;67000000
20-99;tonne of CO2 equ.;2. Verified emissions;NL;2014;Netherlands;65000000
20-99;tonne of CO2 equ.;2. Verified emissions;NL;2015;Netherlands;64000000
20-99;tonne of CO2 equ.;2. Verified emissions;NL;2016;Netherlands;62000000
20-99;tonne of CO2 equ.;2. Verified emissions;NL;2017;Netherlands;61000000
20-99;tonne of CO2 equ.;2. Verified emissions;NL;2018;Netherlands;59000000
20-99;tonne of CO2 equ.;2. Verified emissions;NL;2019;Netherlands;58000000
20-99;tonne of CO2 equ.;2. Verified emissions;NL;2020;Netherlands;47000000
20-99;tonne of CO2 equ.;2. Verified emissions;NL;2021;Netherlands;55000000
20-99;tonne of CO2 equ.;2. Verified emissions;NL;2022;Netherlands;53000000
20-99;tonne of CO2 equ.;2. Verified emissions;CZ;2005;Czechia;80000000
20-99;tonne of CO2 equ.;2. Verified emissions;CZ;2006;Czechia;79000000
20-99;tonne of CO2 equ.;2. Verified emissions;CZ;2007;Czechia;77000000
20-99;tonne of CO2 equ.;2. Verified emissions;CZ;2008;Czechia;76000000
20-99;tonne of CO2 equ.;2. Verified emissions;CZ;2009;Czechia;68000000
20-99;tonne of CO2 equ.;2. Verified emissions;CZ;2010;Czechia;73000000
20-99;tonne of CO2 equ.;2. Verified emissions;CZ;2011;Czechia;72000000
20-99;tonne of CO2 equ.;2. Verified emissions;CZ;2012;Czechia;71000000
20-99;tonne of CO2 equ.;2. Verified emissions;CZ;2013;Czechia;69000000
20-99;tonne of CO2 equ.;2. Verified emissions;CZ;2014;Czechia;68000000
20-99;tonne of CO2 equ.;2. Verified emissions;CZ;2015;Czechia;66000000
20-99;tonne of CO2 equ.;2. Verified emissions;CZ;2016;Czechia;65000000
20-99;tonne of CO2 equ.;2. Verified emissions;CZ;2017;Czechia;64000000
20-99;tonne of CO2 equ.;2. Verified emissions;CZ;2018;Czechia;62000000
20-99;tonne of CO2 equ.;2. Verified emissions;CZ;2019;Czechia;61000000
20-99;tonne of CO2 equ.;2. Verified emissions;CZ;2020;Czechia;50000000
20-99;tonne of CO2 equ.;2. Verified emissions;CZ;2021;Czechia;58000000
20-99;tonne of CO2 equ.;2. Verified emissions;CZ;2022;Czechia;57000000
20-99;tonne of CO2 equ.;2. Verified emissions;RO;2005;Romania;65000000
20-99;tonne of CO2 equ.;2. Verified emissions;RO;2006;Romania;64000000
20-99;tonne of CO2 equ.;2. Verified emissions;RO;2007;Romania;63000000
20-99;tonne of CO2 equ.;2. Verified emissions;RO;2008;Romania;62000000
20-99;tonne of CO2 equ.;2. Verified emissions;RO;2009;Romania;56000000
20-99;tonne of CO2 equ.;2. Verified emissions;RO;2010;Romania;61000000
20-99;tonne of CO2 equ.;2. Verified emissions;RO;2011;Romania;60000000
20-99;tonne of CO2 equ.;2. Verified emissions;RO;2012;Romania;59000000
20-99;tonne of CO2 equ.;2. Verified emissions;RO;2013;Romania;58000000
20-99;tonne of CO2 equ.;2. Verified emissions;RO;2014;Romania;57000000
20-99;tonne of CO2 equ.;2. Verified emissions;RO;2015;Romania;56000000
20-99;tonne of CO2 equ.;2. Verified emissions;RO;2016;Romania;55000000
20-99;tonne of CO2 equ.;2. Verified emissions;RO;2017;Romania;54000000
20-99;tonne of CO2 equ.;2. Verified emissions;RO;2018;Romania;54000000
20-99;tonne of CO2 equ.;2. Verified emissions;RO;2019;Romania;53000000
20-99;tonne of CO2 equ.;2. Verified emissions;RO;2020;Romania;44000000
20-99;tonne of CO2 equ.;2. Verified emissions;RO;2021;Romania;51000000
20-99;tonne of CO2 equ.;2. Verified emissions;RO;2022;Romania;50000000
20-99;tonne of CO2 equ.;2. Verified emissions;BG;2005;Bulgaria;46000000
20-99;tonne of CO2 equ.;2. Verified emissions;BG;2006;Bulgaria;45000000
20-99;tonne of CO2 equ.;2. Verified emissions;BG;2007;Bulgaria;44000000
20-99;tonne of CO2 equ.;2. Verified emissions;BG;2008;Bulgaria;44000000
20-99;tonne of CO2 equ.;2. Verified emissions;BG;2009;Bulgaria;38000000
20-99;tonne of CO2 equ.;2. Verified emissions;BG;2010;Bulgaria;42000000
20-99;tonne of CO2 equ.;2. Verified emissions;BG;2011;Bulgaria;41000000
20-99;tonne of CO2 equ.;2. Verified emissions;BG;2012;Bulgaria;41000000
20-99;tonne of CO2 equ.;2. Verified emissions;BG;2013;Bulgaria;40000000
20-99;tonne of CO2 equ.;2. Verified emissions;BG;2014;Bulgaria;39000000
20-99;tonne of CO2 equ.;2. Verified emissions;BG;2015;Bulgaria;38000000
20-99;tonne of CO2 equ.;2. Verified emissions;BG;2016;Bulgaria;38000000
20-99;tonne of CO2 equ.;2. Verified emissions;BG;2017;Bulgaria;37000000
20-99;tonne of CO2 equ.;2. Verified emissions;BG;2018;Bulgaria;36000000
20-99;tonne of CO2 equ.;2. Verified emissions;BG;2019;Bulgaria;35000000
20-99;tonne of CO2 equ.;2. Verified emissions;BG;2020;Bulgaria;29000000
20-99;tonne of CO2 equ.;2. Verified emissions;BG;2021;Bulgaria;34000000
20-99;tonne of CO2 equ.;2. Verified emissions;BG;2022;Bulgaria;33000000
20-99;tonne of CO2 equ.;2. Verified emissions;EL;2005;Greece;50000000
20-99;tonne of CO2 equ.;2. Verified emissions;EL;2006;Greece;49000000
20-99;tonne of CO2 equ.;2. Verified emissions;EL;2007;Greece;48000000
20-99;tonne of CO2 equ.;2. Verified emissions;EL;2008;Greece;47000000
20-99;tonne of CO2 equ.;2. Verified emissions;EL;2009;Greece;44000000
20-99;tonne of CO2 equ.;2. Verified emissions;EL;2010;Greece;45000000
20-99;tonne of CO2 equ.;2. Verified emissions;EL;2011;Greece;44000000
20-99;tonne of CO2 equ.;2. Verified emissions;EL;2012;Greece;43000000
20-99;tonne of CO2 equ.;2. Verified emissions;EL;2013;Greece;42000000
20-99;tonne of CO2 equ.;2. Verified emissions;EL;2014;Greece;41000000
20-99;tonne of CO2 equ.;2. Verified emissions;EL;2015;Greece;40000000
20-99;tonne of CO2 equ.;2. Verified emissions;EL;2016;Greece;39000000
20-99;tonne of CO2 equ.;2. Verified emissions;EL;2017;Greece;38000000
20-99;tonne of CO2 equ.;2. Verified emissions;EL;2018;Greece;37000000
20-99;tonne of CO2 equ.;2. Verified emissions;EL;2019;Greece;36000000
20-99;tonne of CO2 equ.;2. Verified emissions;EL;2020;Greece;29000000
20-99;tonne of CO2 equ.;2. Verified emissions;EL;2021;Greece;34000000
20-99;tonne of CO2 equ.;2. Verified emissions;EL;2022;Greece;33000000
20-99;tonne of CO2 equ.;2. Verified emissions;BE;2005;Belgium;36000000
20-99;tonne of CO2 equ.;2. Verified emissions;BE;2006;Belgium;35000000
20-99;tonne of CO2 equ.;2. Verified emissions;BE;2007;Belgium;35000000
20-99;tonne of CO2 equ.;2. Verified emissions;BE;2008;Belgium;34000000
20-99;tonne of CO2 equ.;2. Verified emissions;BE;2009;Belgium;30000000
20-99;tonne of CO2 equ.;2. Verified emissions;BE;2010;Belgium;33000000
20-99;tonne of CO2 equ.;2. Verified emissions;BE;2011;Belgium;32000000
20-99;tonne of CO2 equ.;2. Verified emissions;BE;2012;Belgium;31000000
20-99;tonne of CO2 equ.;2. Verified emissions;BE;2013;Belgium;31000000
20-99;tonne of CO2 equ.;2. Verified emissions;BE;2014;Belgium;30000000
20-99;tonne of CO2 equ.;2. Verified emissions;BE;2015;Belgium;30000000
20-99;tonne of CO2 equ.;2. Verified emissions;BE;2016;Belgium;29000000
20-99;tonne of CO2 equ.;2. Verified emissions;BE;2017;Belgium;28000000
20-99;tonne of CO2 equ.;2. Verified emissions;BE;2018;Belgium;28000000
20-99;tonne of CO2 equ.;2. Verified emissions;BE;2019;Belgium;27000000
20-99;tonne of CO2 equ.;2. Verified emissions;BE;2020;Belgium;22000000
20-99;tonne of CO2 equ.;2. Verified emissions;BE;2021;Belgium;26000000
20-99;tonne of CO2 equ.;2. Verified emissions;BE;2022;Belgium;25000000
20-99;tonne of CO2 equ.;2. Verified emissions;HU;2005;Hungary;30000000
20-99;tonne of CO2 equ.;2. Verified emissions;HU;2006;Hungary;29000000
20-99;tonne of CO2 equ.;2. Verified emissions;HU;2007;Hungary;29000000
20-99;tonne of CO2 equ.;2. Verified emissions;HU;2008;Hungary;28000000
20-99;tonne of CO2 equ.;2. Verified emissions;HU;2009;Hungary;24000000
20-99;tonne of CO2 equ.;2. Verified emissions;HU;2010;Hungary;27000000
20-99;tonne of CO2 equ.;2. Verified emissions;HU;2011;Hungary;26000000
20-99;tonne of CO2 equ.;2. Verified emissions;HU;2012;Hungary;25000000
20-99;tonne of CO2 equ.;2. Verified emissions;HU;2013;Hungary;25000000
20-99;tonne of CO2 equ.;2. Verified emissions;HU;2014;Hungary;24000000
20-99;tonne of CO2 equ.;2. Verified emissions;HU;2015;Hungary;24000000
20-99;tonne of CO2 equ.;2. Verified emissions;HU;2016;Hungary;23000000
20-99;tonne of CO2 equ.;2. Verified emissions;HU;2017;Hungary;22000000
20-99;tonne of CO2 equ.;2. Verified emissions;HU;2018;Hungary;22000000
20-99;tonne of CO2 equ.;2. Verified emissions;HU;2019;Hungary;21000000
20-99;tonne of CO2 equ.;2. Verified emissions;HU;2020;Hungary;17000000
20-99;tonne of CO2 equ.;2. Verified emissions;HU;2021;Hungary;20000000
20-99;tonne of CO2 equ.;2. Verified emissions;HU;2022;Hungary;19000000
20-99;tonne of CO2 equ.;2. Verified emissions;AT;2005;Austria;32000000
20-99;tonne of CO2 equ.;2. Verified emissions;AT;2006;Austria;31000000
20-99;tonne of CO2 equ.;2. Verified emissions;AT;2007;Austria;31000000
20-99;tonne of CO2 equ.;2. Verified emissions;AT;2008;Austria;30000000
20-99;tonne of CO2 equ.;2. Verified emissions;AT;2009;Austria;26000000
20-99;tonne of CO2 equ.;2. Verified emissions;AT;2010;Austria;29000000
20-99;tonne of CO2 equ.;2. Verified emissions;AT;2011;Austria;28000000
20-99;tonne of CO2 equ.;2. Verified emissions;AT;2012;Austria;27000000
20-99;tonne of CO2 equ.;2. Verified emissions;AT;2013;Austria;27000000
20-99;tonne of CO2 equ.;2. Verified emissions;AT;2014;Austria;26000000
20-99;tonne of CO2 equ.;2. Verified emissions;AT;2015;Austria;26000000
20-99;tonne of CO2 equ.;2. Verified emissions;AT;2016;Austria;25000000
20-99;tonne of CO2 equ.;2. Verified emissions;AT;2017;Austria;24000000
20-99;tonne of CO2 equ.;2. Verified emissions;AT;2018;Austria;24000000
20-99;tonne of CO2 equ.;2. Verified emissions;AT;2019;Austria;23000000
20-99;tonne of CO2 equ.;2. Verified emissions;AT;2020;Austria;18000000
20-99;tonne of CO2 equ.;2. Verified emissions;AT;2021;Austria;22000000
20-99;tonne of CO2 equ.;2. Verified emissions;AT;2022;Austria;21000000
20-99;tonne of CO2 equ.;2. Verified emissions;SK;2005;Slovakia;25000000
20-99;tonne of CO2 equ.;2. Verified emissions;SK;2006;Slovakia;24000000
20-99;tonne of CO2 equ.;2. Verified emissions;SK;2007;Slovakia;24000000
20-99;tonne of CO2 equ.;2. Verified emissions;SK;2008;Slovakia;23000000
20-99;tonne of CO2 equ.;2. Verified emissions;SK;2009;Slovakia;20000000
20-99;tonne of CO2 equ.;2. Verified emissions;SK;2010;Slovakia;22000000
20-99;tonne of CO2 equ.;2. Verified emissions;SK;2011;Slovakia;22000000
20-99;tonne of CO2 equ.;2. Verified emissions;SK;2012;Slovakia;21000000
20-99;tonne of CO2 equ.;2. Verified emissions;SK;2013;Slovakia;21000000
20-99;tonne of CO2 equ.;2. Verified emissions;SK;2014;Slovakia;20000000
20-99;tonne of CO2 equ.;2. Verified emissions;SK;2015;Slovakia;20000000
20-99;tonne of CO2 equ.;2. Verified emissions;SK;2016;Slovakia;19000000
20-99;tonne of CO2 equ.;2. Verified emissions;SK;2017;Slovakia;19000000
20-99;tonne of CO2 equ.;2. Verified emissions;SK;2018;Slovakia;18000000
20-99;tonne of CO2 equ.;2. Verified emissions;SK;2019;Slovakia;18000000
20-99;tonne of CO2 equ.;2. Verified emissions;SK;2020;Slovakia;14000000
20-99;tonne of CO2 equ.;2. Verified emissions;SK;2021;Slovakia;17000000
20-99;tonne of CO2 equ.;2. Verified emissions;SK;2022;Slovakia;16000000
20-99;tonne of CO2 equ.;2. Verified emissions;FI;2005;Finland;26000000
20-99;tonne of CO2 equ.;2. Verified emissions;FI;2006;Finland;26000000
20-99;tonne of CO2 equ.;2. Verified emissions;FI;2007;Finland;25000000
20-99;tonne of CO2 equ.;2. Verified emissions;FI;2008;Finland;25000000
20-99;tonne of CO2 equ.;2. Verified emissions;FI;2009;Finland;21000000
20-99;tonne of CO2 equ.;2. Verified emissions;FI;2010;Finland;24000000
20-99;tonne of CO2 equ.;2. Verified emissions;FI;2011;Finland;23000000
20-99;tonne of CO2 equ.;2. Verified emissions;FI;2012;Finland;23000000
20-99;tonne of CO2 equ.;2. Verified emissions;FI;2013;Finland;22000000
20-99;tonne of CO2 equ.;2. Verified emissions;FI;2014;Finland;22000000
20-99;tonne of CO2 equ.;2. Verified emissions;FI;2015;Finland;21000000
20-99;tonne of CO2 equ.;2. Verified emissions;FI;2016;Finland;21000000
20-99;tonne of CO2 equ.;2. Verified emissions;FI;2017;Finland;20000000
20-99;tonne of CO2 equ.;2. Verified emissions;FI;2018;Finland;20000000
20-99;tonne of CO2 equ.;2. Verified emissions;FI;2019;Finland;19000000
20-99;tonne of CO2 equ.;2. Verified emissions;FI;2020;Finland;16000000
20-99;tonne of CO2 equ.;2. Verified emissions;FI;2021;Finland;18000000
20-99;tonne of CO2 equ.;2. Verified emissions;FI;2022;Finland;18000000
20-99;tonne of CO2 equ.;2. Verified emissions;SE;2005;Sweden;21000000
20-99;tonne of CO2 equ.;2. Verified emissions;SE;2006;Sweden;21000000
20-99;tonne of CO2 equ.;2. Verified emissions;SE;2007;Sweden;20000000
20-99;tonne of CO2 equ.;2. Verified emissions;SE;2008;Sweden;20000000
20-99;tonne of CO2 equ.;2. Verified emissions;SE;2009;Sweden;18000000
20-99;tonne of CO2 equ.;2. Verified emissions;SE;2010;Sweden;20000000
20-99;tonne of CO2 equ.;2. Verified emissions;SE;2011;Sweden;19000000
20-99;tonne of CO2 equ.;2. Verified emissions;SE;2012;Sweden;19000000
20-99;tonne of CO2 equ.;2. Verified emissions;SE;2013;Sweden;19000000
20-99;tonne of CO2 equ.;2. Verified emissions;SE;2014;Sweden;18000000
20-99;tonne of CO2 equ.;2. Verified emissions;SE;2015;Sweden;18000000
20-99;tonne of CO2 equ.;2. Verified emissions;SE;2016;Sweden;18000000
20-99;tonne of CO2 equ.;2. Verified emissions;SE;2017;Sweden;17000000
20-99;tonne of CO2 equ.;2. Verified emissions;SE;2018;Sweden;17000000
20-99;tonne of CO2 equ.;2. Verified emissions;SE;2019;Sweden;17000000
20-99;tonne of CO2 equ.;2. Verified emissions;SE;2020;Sweden;14000000
20-99;tonne of CO2 equ.;2. Verified emissions;SE;2021;Sweden;16000000
20-99;tonne of CO2 equ.;2. Verified emissions;SE;2022;Sweden;16000000
20-99;tonne of CO2 equ.;2. Verified emissions;DK;2005;Denmark;23000000
20-99;tonne of CO2 equ.;2. Verified emissions;DK;2006;Denmark;22000000
20-99;tonne of CO2 equ.;2. Verified emissions;DK;2007;Denmark;22000000
20-99;tonne of CO2 equ.;2. Verified emissions;DK;2008;Denmark;21000000
20-99;tonne of CO2 equ.;2. Verified emissions;DK;2009;Denmark;19000000
20-99;tonne of CO2 equ.;2. Verified emissions;DK;2010;Denmark;20000000
20-99;tonne of CO2 equ.;2. Verified emissions;DK;2011;Denmark;19000000
20-99;tonne of CO2 equ.;2. Verified emissions;DK;2012;Denmark;19000000
20-99;tonne of CO2 equ.;2. Verified emissions;DK;2013;Denmark;18000000
20-99;tonne of CO2 equ.;2. Verified emissions;DK;2014;Denmark;18000000
20-99;tonne of CO2 equ.;2. Verified emissions;DK;2015;Denmark;17000000
20-99;tonne of CO2 equ.;2. Verified emissions;DK;2016;Denmark;17000000
20-99;tonne of CO2 equ.;2. Verified emissions;DK;2017;Denmark;16000000
20-99;tonne of CO2 equ.;2. Verified emissions;DK;2018;Denmark;15000000
20-99;tonne of CO2 equ.;2. Verified emissions;DK;2019;Denmark;15000000
20-99;tonne of CO2 equ.;2. Verified emissions;DK;2020;Denmark;12000000
20-99;tonne of CO2 equ.;2. Verified emissions;DK;2021;Denmark;14000000
20-99;tonne of CO2 equ.;2. Verified emissions;DK;2022;Denmark;13000000
20-99;tonne of CO2 equ.;2. Verified emissions;PT;2005;Portugal;21000000
20-99;tonne of CO2 equ.;2. Verified emissions;PT;2006;Portugal;21000000
20-99;tonne of CO2 equ.;2. Verified emissions;PT;2007;Portugal;20000000
20-99;tonne of CO2 equ.;2. Verified emissions;PT;2008;Portugal;20000000
20-99;tonne of CO2 equ.;2. Verified emissions;PT;2009;Portugal;18000000
20-99;tonne of CO2 equ.;2. Verified emissions;PT;2010;Portugal;19000000
20-99;tonne of CO2 equ.;2. Verified emissions;PT;2011;Portugal;19000000
20-99;tonne of CO2 equ.;2. Verified emissions;PT;2012;Portugal;19000000
20-99;tonne of CO2 equ.;2. Verified emissions;PT;2013;Portugal;18000000
20-99;tonne of CO2 equ.;2. Verified emissions;PT;2014;Portugal;18000000
20-99;tonne of CO2 equ.;2. Verified emissions;PT;2015;Portugal;17000000
20-99;tonne of CO2 equ.;2. Verified emissions;PT;2016;Portugal;17000000
20-99;tonne of CO2 equ.;2. Verified emissions;PT;2017;Portugal;17000000
20-99;tonne of CO2 equ.;2. Verified emissions;PT;2018;Portugal;16000000
20-99;tonne of CO2 equ.;2. Verified emissions;PT;2019;Portugal;16000000
20-99;tonne of CO2 equ.;2. Verified emissions;PT;2020;Portugal;13000000
20-99;tonne of CO2 equ.;2. Verified emissions;PT;2021;Portugal;15000000
20-99;tonne of CO2 equ.;2. Verified emissions;PT;2022;Portugal;15000000
20-99;tonne of CO2 equ.;2. Verified emissions;IE;2005;Ireland;17000000
20-99;tonne of CO2 equ.;2. Verified emissions;IE;2006;Ireland;17000000
20-99;tonne of CO2 equ.;2. Verified emissions;IE;2007;Ireland;16000000
20-99;tonne of CO2 equ.;2. Verified emissions;IE;2008;Ireland;16000000
20-99;tonne of CO2 equ.;2. Verified emissions;IE;2009;Ireland;14000000
20-99;tonne of CO2 equ.;2. Verified emissions;IE;2010;Ireland;15000000
20-99;tonne of CO2 equ.;2. Verified emissions;IE;2011;Ireland;15000000
20-99;tonne of CO2 equ.;2. Verified emissions;IE;2012;Ireland;14000000
20-99;tonne of CO2 equ.;2. Verified emissions;IE;2013;Ireland;14000000
20-99;tonne of CO2 equ.;2. Verified emissions;IE;2014;Ireland;13000000
20-99;tonne of CO2 equ.;2. Verified emissions;IE;2015;Ireland;13000000
20-99;tonne of CO2 equ.;2. Verified emissions;IE;2016;Ireland;12000000
20-99;tonne of CO2 equ.;2. Verified emissions;IE;2017;Ireland;12000000
20-99;tonne of CO2 equ.;2. Verified emissions;IE;2018;Ireland;12000000
20-99;tonne of CO2 equ.;2. Verified emissions;IE;2019;Ireland;11000000
20-99;tonne of CO2 equ.;2. Verified emissions;IE;2020;Ireland;9000000
20-99;tonne of CO2 equ.;2. Verified emissions;IE;2021;Ireland;10000000
20-99;tonne of CO2 equ.;2. Verified emissions;IE;2022;Ireland;10000000
20-99;tonne of CO2 equ.;2. Verified emissions;EE;2005;Estonia;13000000
20-99;tonne of CO2 equ.;2. Verified emissions;EE;2006;Estonia;13000000
20-99;tonne of CO2 equ.;2. Verified emissions;EE;2007;Estonia;12000000
20-99;tonne of CO2 equ.;2. Verified emissions;EE;2008;Estonia;12000000
20-99;tonne of CO2 equ.;2. Verified emissions;EE;2009;Estonia;10000000
20-99;tonne of CO2 equ.;2. Verified emissions;EE;2010;Estonia;11000000
20-99;tonne of CO2 equ.;2. Verified emissions;EE;2011;Estonia;11000000
20-99;tonne of CO2 equ.;2. Verified emissions;EE;2012;Estonia;11000000
20-99;tonne of CO2 equ.;2. Verified emissions;EE;2013;Estonia;10000000
20-99;tonne of CO2 equ.;2. Verified emissions;EE;2014;Estonia;10000000
20-99;tonne of CO2 equ.;2. Verified emissions;EE;2015;Estonia;9000000
20-99;tonne of CO2 equ.;2. Verified emissions;EE;2016;Estonia;9000000
20-99;tonne of CO2 equ.;2. Verified emissions;EE;2017;Estonia;9000000
20-99;tonne of CO2 equ.;2. Verified emissions;EE;2018;Estonia;8000000
20-99;tonne of CO2 equ.;2. Verified emissions;EE;2019;Estonia;8000000
20-99;tonne of CO2 equ.;2. Verified emissions;EE;2020;Estonia;6000000
20-99;tonne of CO2 equ.;2. Verified emissions;EE;2021;Estonia;7000000
20-99;tonne of CO2 equ.;2. Verified emissions;EE;2022;Estonia;7000000
20-99;tonne of CO2 equ.;2. Verified emissions;LT;2005;Lithuania;9000000
20-99;tonne of CO2 equ.;2. Verified emissions;LT;2006;Lithuania;9000000
20-99;tonne of CO2 equ.;2. Verified emissions;LT;2007;Lithuania;9000000
20-99;tonne of CO2 equ.;2. Verified emissions;LT;2008;Lithuania;8000000
20-99;tonne of CO2 equ.;2. Verified emissions;LT;2009;Lithuania;7000000
20-99;tonne of CO2 equ.;2. Verified emissions;LT;2010;Lithuania;8000000
20-99;tonne of CO2 equ.;2. Verified emissions;LT;2011;Lithuania;8000000
20-99;tonne of CO2 equ.;2. Verified emissions;LT;2012;Lithuania;7000000
20-99;tonne of CO2 equ.;2. Verified emissions;LT;2013;Lithuania;7000000
20-99;tonne of CO2 equ.;2. Verified emissions;LT;2014;Lithuania;7000000
20-99;tonne of CO2 equ.;2. Verified emissions;LT;2015;Lithuania;7000000
20-99;tonne of CO2 equ.;2. Verified emissions;LT;2016;Lithuania;6000000
20-99;tonne of CO2 equ.;2. Verified emissions;LT;2017;Lithuania;6000000
20-99;tonne of CO2 equ.;2. Verified emissions;LT;2018;Lithuania;6000000
20-99;tonne of CO2 equ.;2. Verified emissions;LT;2019;Lithuania;6000000
20-99;tonne of CO2 equ.;2. Verified emissions;LT;2020;Lithuania;5000000
20-99;tonne of CO2 equ.;2. Verified emissions;LT;2021;Lithuania;5000000
20-99;tonne of CO2 equ.;2. Verified emissions;LT;2022;Lithuania;5000000
20-99;tonne of CO2 equ.;2. Verified emissions;LV;2005;Latvia;5000000
20-99;tonne of CO2 equ.;2. Verified emissions;LV;2006;Latvia;5000000
20-99;tonne of CO2 equ.;2. Verified emissions;LV;2007;Latvia;5000000
20-99;tonne of CO2 equ.;2. Verified emissions;LV;2008;Latvia;5000000
20-99;tonne of CO2 equ.;2. Verified emissions;LV;2009;Latvia;4000000
20-99;tonne of CO2 equ.;2. Verified emissions;LV;2010;Latvia;4000000
20-99;tonne of CO2 equ.;2. Verified emissions;LV;2011;Latvia;4000000
20-99;tonne of CO2 equ.;2. Verified emissions;LV;2012;Latvia;4000000
20-99;tonne of CO2 equ.;2. Verified emissions;LV;2013;Latvia;4000000
20-99;tonne of CO2 equ.;2. Verified emissions;LV;2014;Latvia;4000000
20-99;tonne of CO2 equ.;2. Verified emissions;LV;2015;Latvia;4000000
20-99;tonne of CO2 equ.;2. Verified emissions;LV;2016;Latvia;4000000
20-99;tonne of CO2 equ.;2. Verified emissions;LV;2017;Latvia;4000000
20-99;tonne of CO2 equ.;2. Verified emissions;LV;2018;Latvia;3000000
20-99;tonne of CO2 equ.;2. Verified emissions;LV;2019;Latvia;3000000
20-99;tonne of CO2 equ.;2. Verified emissions;LV;2020;Latvia;3000000
20-99;tonne of CO2 equ.;2. Verified emissions;LV;2021;Latvia;3000000
20-99;tonne of CO2 equ.;2. Verified emissions;LV;2022;Latvia;3000000
20-99;tonne of CO2 equ.;2. Verified emissions;SI;2005;Slovenia;7500000
20-99;tonne of CO2 equ.;2. Verified emissions;SI;2006;Slovenia;7000000
20-99;tonne of CO2 equ.;2. Verified emissions;SI;2007;Slovenia;7000000
20-99;tonne of CO2 equ.;2. Verified emissions;SI;2008;Slovenia;7000000
20-99;tonne of CO2 equ.;2. Verified emissions;SI;2009;Slovenia;6000000
20-99;tonne of CO2 equ.;2. Verified emissions;SI;2010;Slovenia;7000000
20-99;tonne of CO2 equ.;2. Verified emissions;SI;2011;Slovenia;6000000
20-99;tonne of CO2 equ.;2. Verified emissions;SI;2012;Slovenia;6000000
20-99;tonne of CO2 equ.;2. Verified emissions;SI;2013;Slovenia;6000000
20-99;tonne of CO2 equ.;2. Verified emissions;SI;2014;Slovenia;6000000
20-99;tonne of CO2 equ.;2. Verified emissions;SI;2015;Slovenia;6000000
20-99;tonne of CO2 equ.;2. Verified emissions;SI;2016;Slovenia;5000000
20-99;tonne of CO2 equ.;2. Verified emissions;SI;2017;Slovenia;5000000
20-99;tonne of CO2 equ.;2. Verified emissions;SI;2018;Slovenia;5000000
20-99;tonne of CO2 equ.;2. Verified emissions;SI;2019;Slovenia;5000000
20-99;tonne of CO2 equ.;2. Verified emissions;SI;2020;Slovenia;4000000
20-99;tonne of CO2 equ.;2. Verified emissions;SI;2021;Slovenia;4000000
20-99;tonne of CO2 equ.;2. Verified emissions;SI;2022;Slovenia;4300000
20-99;tonne of CO2 equ.;2. Verified emissions;HR;2013;Croatia;10000000
20-99;tonne of CO2 equ.;2. Verified emissions;HR;2014;Croatia;10000000
20-99;tonne of CO2 equ.;2. Verified emissions;HR;2015;Croatia;9000000
20-99;tonne of CO2 equ.;2. Verified emissions;HR;2016;Croatia;9000000
20-99;tonne of CO2 equ.;2. Verified emissions;HR;2017;Croatia;8000000
20-99;tonne of CO2 equ.;2. Verified emissions;HR;2018;Croatia;8000000
20-99;tonne of CO2 equ.;2. Verified emissions;HR;2019;Croatia;7000000
20-99;tonne of CO2 equ.;2. Verified emissions;HR;2020;Croatia;6000000
20-99;tonne of CO2 equ.;2. Verified emissions;HR;2021;Croatia;6000000
20-99;tonne of CO2 equ.;2. Verified emissions;HR;2022;Croatia;6000000
20-99;tonne of CO2 equ.;2. Verified emissions;LU;2005;Luxembourg;3300000
20-99;tonne of CO2 equ.;2. Verified emissions;LU;2006;Luxembourg;3200000
20-99;tonne of CO2 equ.;2. Verified emissions;LU;2007;Luxembourg;3100000
20-99;tonne of CO2 equ.;2. Verified emissions;LU;2008;Luxembourg;3100000
20-99;tonne of CO2 equ.;2. Verified emissions;LU;2009;Luxembourg;2800000
20-99;tonne of CO2 equ.;2. Verified emissions;LU;2010;Luxembourg;2900000
20-99;tonne of CO2 equ.;2. Verified emissions;LU;2011;Luxembourg;2800000
20-99;tonne of CO2 equ.;2. Verified emissions;LU;2012;Luxembourg;2800000
20-99;tonne of CO2 equ.;2. Verified emissions;LU;2013;Luxembourg;2700000
20-99;tonne of CO2 equ.;2. Verified emissions;LU;2014;Luxembourg;2600000
20-99;tonne of CO2 equ.;2. Verified emissions;LU;2015;Luxembourg;2500000
20-99;tonne of CO2 equ.;2. Verified emissions;LU;2016;Luxembourg;2500000
20-99;tonne of CO2 equ.;2. Verified emissions;LU;2017;Luxembourg;2400000
20-99;tonne of CO2 equ.;2. Verified emissions;LU;2018;Luxembourg;2300000
20-99;tonne of CO2 equ.;2. Verified emissions;LU;2019;Luxembourg;2200000
20-99;tonne of CO2 equ.;2. Verified emissions;LU;2020;Luxembourg;1900000
20-99;tonne of CO2 equ.;2. Verified emissions;LU;2021;Luxembourg;2100000
20-99;tonne of CO2 equ.;2. Verified emissions;LU;2022;Luxembourg;2000000
20-99;tonne of CO2 equ.;2. Verified emissions;MT;2005;Malta;1700000
20-99;tonne of CO2 equ.;2. Verified emissions;MT;2006;Malta;1700000
20-99;tonne of CO2 equ.;2. Verified emissions;MT;2007;Malta;1700000
20-99;tonne of CO2 equ.;2. Verified emissions;MT;2008;Malta;1600000
20-99;tonne of CO2 equ.;2. Verified emissions;MT;2009;Malta;1500000
20-99;tonne of CO2 equ.;2. Verified emissions;MT;2010;Malta;1600000
20-99;tonne of CO2 equ.;2. Verified emissions;MT;2011;Malta;1600000
20-99;tonne of CO2 equ.;2. Verified emissions;MT;2012;Malta;1500000
20-99;tonne of CO2 equ.;2. Verified emissions;MT;2013;Malta;1500000
20-99;tonne of CO2 equ.;2. Verified emissions;MT;2014;Malta;1500000
20-99;tonne of CO2 equ.;2. Verified emissions;MT;2015;Malta;1500000
20-99;tonne of CO2 equ.;2. Verified emissions;MT;2016;Malta;1400000
20-99;tonne of CO2 equ.;2. Verified emissions;MT;2017;Malta;1400000
20-99;tonne of CO2 equ.;2. Verified emissions;MT;2018;Malta;1400000
20-99;tonne of CO2 equ.;2. Verified emissions;MT;2019;Malta;1400000
20-99;tonne of CO2 equ.;2. Verified emissions;MT;2020;Malta;1200000
20-99;tonne of CO2 equ.;2. Verified emissions;MT;2021;Malta;1300000
20-99;tonne of CO2 equ.;2. Verified emissions;MT;2022;Malta;1300000
20-99;tonne of CO2 equ.;2. Verified emissions;CY;2005;Cyprus;4200000
20-99;tonne of CO2 equ.;2. Verified emissions;CY;2006;Cyprus;4100000
20-99;tonne of CO2 equ.;2. Verified emissions;CY;2007;Cyprus;4000000
20-99;tonne of CO2 equ.;2. Verified emissions;CY;2008;Cyprus;3900000
20-99;tonne of CO2 equ.;2. Verified emissions;CY;2009;Cyprus;3600000
20-99;tonne of CO2 equ.;2. Verified emissions;CY;2010;Cyprus;3800000
20-99;tonne of CO2 equ.;2. Verified emissions;CY;2011;Cyprus;3700000
20-99;tonne of CO2 equ.;2. Verified emissions;CY;2012;Cyprus;3600000
20-99;tonne of CO2 equ.;2. Verified emissions;CY;2013;Cyprus;3500000
20-99;tonne of CO2 equ.;2. Verified emissions;CY;2014;Cyprus;3400000
20-99;tonne of CO2 equ.;2. Verified emissions;CY;2015;Cyprus;3300000
20-99;tonne of CO2 equ.;2. Verified emissions;CY;2016;Cyprus;3200000
20-99;tonne of CO2 equ.;2. Verified emissions;CY;2017;Cyprus;3100000
20-99;tonne of CO2 equ.;2. Verified emissions;CY;2018;Cyprus;3100000
20-99;tonne of CO2 equ.;2. Verified emissions;CY;2019;Cyprus;3000000
20-99;tonne of CO2 equ.;2. Verified emissions;CY;2020;Cyprus;2500000
20-99;tonne of CO2 equ.;2. Verified emissions;CY;2021;Cyprus;2800000
20-99;tonne of CO2 equ.;2. Verified emissions;CY;2022;Cyprus;2700000
20-99;tonne of CO2 equ.;2. Verified emissions;NO;2005;Norway;11000000
20-99;tonne of CO2 equ.;2. Verified emissions;NO;2006;Norway;11000000
20-99;tonne of CO2 equ.;2. Verified emissions;NO;2007;Norway;12000000
20-99;tonne of CO2 equ.;2. Verified emissions;NO;2008;Norway;12000000
20-99;tonne of CO2 equ.;2. Verified emissions;NO;2009;Norway;12000000
20-99;tonne of CO2 equ.;2. Verified emissions;NO;2010;Norway;12000000
20-99;tonne of CO2 equ.;2. Verified emissions;NO;2011;Norway;13000000
20-99;tonne of CO2 equ.;2. Verified emissions;NO;2012;Norway;13000000
20-99;tonne of CO2 equ.;2. Verified emissions;NO;2013;Norway;13000000
20-99;tonne of CO2 equ.;2. Verified emissions;NO;2014;Norway;14000000
20-99;tonne of CO2 equ.;2. Verified emissions;NO;2015;Norway;14000000
20-99;tonne of CO2 equ.;2. Verified emissions;NO;2016;Norway;14000000
20-99;tonne of CO2 equ.;2. Verified emissions;NO;2017;Norway;15000000
20-99;tonne of CO2 equ.;2. Verified emissions;NO;2018;Norway;15000000
20-99;tonne of CO2 equ.;2. Verified emissions;NO;2019;Norway;15000000
20-99;tonne of CO2 equ.;2. Verified emissions;NO;2020;Norway;14000000
20-99;tonne of CO2 equ.;2. Verified emissions;NO;2021;Norway;16000000
20-99;tonne of CO2 equ.;2. Verified emissions;NO;2022;Norway;16000000
20-99;tonne of CO2 equ.;2. Verified emissions;IS;2005;Iceland;2100000
20-99;tonne of CO2 equ.;2. Verified emissions;IS;2006;Iceland;2100000
20-99;tonne of CO2 equ.;2. Verified emissions;IS;2007;Iceland;2100000
20-99;tonne of CO2 equ.;2. Verified emissions;IS;2008;Iceland;2100000
20-99;tonne of CO2 equ.;2. Verified emissions;IS;2009;Iceland;2000000
20-99;tonne of CO2 equ.;2. Verified emissions;IS;2010;Iceland;2200000
20-99;tonne of CO2 equ.;2. Verified emissions;IS;2011;Iceland;2200000
20-99;tonne of CO2 equ.;2. Verified emissions;IS;2012;Iceland;2200000
20-99;tonne of CO2 equ.;2. Verified emissions;IS;2013;Iceland;2200000
20-99;tonne of CO2 equ.;2. Verified emissions;IS;2014;Iceland;2200000
20-99;tonne of CO2 equ.;2. Verified emissions;IS;2015;Iceland;2200000
20-99;tonne of CO2 equ.;2. Verified emissions;IS;2016;Iceland;2200000
20-99;tonne of CO2 equ.;2. Verified emissions;IS;2017;Iceland;2200000
20-99;tonne of CO2 equ.;2. Verified emissions;IS;2018;Iceland;2300000
20-99;tonne of CO2 equ.;2. Verified emissions;IS;2019;Iceland;2300000
20-99;tonne of CO2 equ.;2. Verified emissions;IS;2020;Iceland;2000000
20-99;tonne of CO2 equ.;2. Verified emissions;IS;2021;Iceland;2300000
20-99;tonne of CO2 equ.;2. Verified emissions;IS;2022;Iceland;2300000
20-99;tonne of CO2 equ.;2. Verified emissions;LI;2005;Liechtenstein;70000
20-99;tonne of CO2 equ.;2. Verified emissions;LI;2006;Liechtenstein;68000
20-99;tonne of CO2 equ.;2. Verified emissions;LI;2007;Liechtenstein;66000
20-99;tonne of CO2 equ.;2. Verified emissions;LI;2008;Liechtenstein;65000
20-99;tonne of CO2 equ.;2. Verified emissions;LI;2009;Liechtenstein;62000
20-99;tonne of CO2 equ.;2. Verified emissions;LI;2010;Liechtenstein;64000
20-99;tonne of CO2 equ.;2. Verified emissions;LI;2011;Liechtenstein;63000
20-99;tonne of CO2 equ.;2. Verified emissions;LI;2012;Liechtenstein;62000
20-99;tonne of CO2 equ.;2. Verified emissions;LI;2013;Liechtenstein;61000
20-99;tonne of CO2 equ.;2. Verified emissions;LI;2014;Liechtenstein;59000
20-99;tonne of CO2 equ.;2. Verified emissions;LI;2015;Liechtenstein;58000
20-99;tonne of CO2 equ.;2. Verified emissions;LI;2016;Liechtenstein;57000
20-99;tonne of CO2 equ.;2. Verified emissions;LI;2017;Liechtenstein;56000
20-99;tonne of CO2 equ.;2. Verified emissions;LI;2018;Liechtenstein;55000
20-99;tonne of CO2 equ.;2. Verified emissions;LI;2019;Liechtenstein;54000
20-99;tonne of CO2 equ.;2. Verified emissions;LI;2020;Liechtenstein;50000
20-99;tonne of CO2 equ.;2. Verified emissions;LI;2021;Liechtenstein;51000
20-99;tonne of CO2 equ.;2. Verified emissions;LI;2022;Liechtenstein;50000
